{
  "n": 10,
  "summaries": [
    {
      "model": "claude-opus-4-7",
      "n": 10,
      "compile_rate": 100.0,
      "compile_ok_count": 10,
      "chamfer_mean": 0.06856886545057665,
      "chamfer_median": 0.026504808295757055,
      "chamfer_raw_mean": 0.13591788377326208,
      "iou_mean": 0.7169280621140729,
      "iou_median": 0.8728379254106291,
      "match_score_mean": 0.7245421636696453,
      "match_score_median": 0.8916288124594419,
      "match_score_ge_0_95": 0.5,
      "match_score_ge_0_80": 0.5,
      "verify_critical_mean": 0.1,
      "verify_major_mean": 0,
      "verify_minor_mean": 0,
      "verify_valid_rate": 90.0,
      "verify_n": 10
    }
  ]
}