{
  "n": 2,
  "summaries": [
    {
      "model": "claude-opus-4-6",
      "n": 2,
      "compile_rate": 100.0,
      "compile_ok_count": 2,
      "chamfer_mean": 0.23402414868812763,
      "chamfer_median": 0.23402414868812763,
      "iou_mean": 0.18991478391806277,
      "iou_median": 0.18991478391806277
    },
    {
      "model": "gpt-5",
      "n": 2,
      "compile_rate": 50.0,
      "compile_ok_count": 1,
      "chamfer_mean": 0.1044809499866342,
      "chamfer_median": 0.1044809499866342,
      "iou_mean": 0.2768107384336458,
      "iou_median": 0.2768107384336458
    },
    {
      "model": "gpt-5.5",
      "n": 2,
      "compile_rate": 100.0,
      "compile_ok_count": 2,
      "chamfer_mean": 0.09772125461233135,
      "chamfer_median": 0.09772125461233135,
      "iou_mean": 0.3600482153319078,
      "iou_median": 0.3600482153319078
    }
  ]
}