{
  "n": 20,
  "summaries": [
    {
      "model": "claude-opus-4-6",
      "n": 20,
      "compile_rate": 90.0,
      "compile_ok_count": 18,
      "chamfer_mean": 0.1931967133005465,
      "chamfer_median": 0.1629670640788168,
      "iou_mean": 0.36107049971553146,
      "iou_median": 0.21563361413813534
    },
    {
      "model": "gpt-5",
      "n": 20,
      "compile_rate": 85.0,
      "compile_ok_count": 17,
      "chamfer_mean": 0.1452152855725843,
      "chamfer_median": 0.07838389734123577,
      "iou_mean": 0.4755955973443237,
      "iou_median": 0.2768107384336458
    },
    {
      "model": "gpt-5.5",
      "n": 20,
      "compile_rate": 95.0,
      "compile_ok_count": 19,
      "chamfer_mean": 0.17013674736546103,
      "chamfer_median": 0.1056307988239265,
      "iou_mean": 0.3994071023265254,
      "iou_median": 0.2733724914341654
    }
  ]
}