{
  "n": 10,
  "summaries": [
    {
      "model": "claude-opus-4-7",
      "n": 10,
      "compile_rate": 100.0,
      "compile_ok_count": 10,
      "chamfer_mean": 0.06303960929670792,
      "chamfer_median": 0.02551394887001491,
      "chamfer_raw_mean": 0.13429061729338002,
      "iou_mean": 0.7199393413630633,
      "iou_median": 0.9102203044636465,
      "match_score_mean": 0.7302766174777842,
      "match_score_median": 0.9124346048681163,
      "match_score_ge_0_95": 0.5,
      "match_score_ge_0_80": 0.6,
      "verify_critical_mean": 0.3,
      "verify_major_mean": 0,
      "verify_minor_mean": 0,
      "verify_valid_rate": 70.0,
      "verify_n": 10
    }
  ]
}