{
  "model": "claude-opus-4-7",
  "n": 10,
  "compile_rate": 100.0,
  "compile_ok_count": 10,
  "chamfer_mean": 0.06466003687437996,
  "chamfer_median": 0.026919055090027722,
  "chamfer_raw_mean": 0.1261104931289421,
  "iou_mean": 0.7294123618669363,
  "iou_median": 0.9366440589539585,
  "match_score_mean": 0.7367097420071076,
  "match_score_median": 0.9496310719409715,
  "match_score_ge_0_95": 0.5,
  "match_score_ge_0_80": 0.6,
  "verify_critical_mean": 0.4,
  "verify_major_mean": 0,
  "verify_minor_mean": 0,
  "verify_valid_rate": 80.0,
  "verify_n": 10
}