{
  "model": "claude-opus-4-6",
  "n": 10,
  "compile_rate": 90.0,
  "compile_ok_count": 9,
  "chamfer_mean": 0.052578442049658225,
  "chamfer_median": 0.025682195255546866,
  "chamfer_raw_mean": 0.11547340867782226,
  "iou_mean": 0.7883445995895163,
  "iou_median": 0.962220138587143,
  "match_score_mean": 0.7927880993699551,
  "match_score_median": 1.0,
  "match_score_ge_0_95": 0.5555555555555556,
  "match_score_ge_0_80": 0.6666666666666666,
  "verify_critical_mean": 0.4444444444444444,
  "verify_major_mean": 0,
  "verify_minor_mean": 0,
  "verify_valid_rate": 66.66666666666667,
  "verify_n": 9
}