{
  "n": 10,
  "summaries": [
    {
      "model": "claude-opus-4-6",
      "n": 10,
      "compile_rate": 90.0,
      "compile_ok_count": 9,
      "chamfer_mean": 0.052578442049658225,
      "chamfer_median": 0.025682195255546866,
      "chamfer_raw_mean": 0.11547340867782226,
      "iou_mean": 0.7883445995895163,
      "iou_median": 0.962220138587143,
      "match_score_mean": 0.7927880993699551,
      "match_score_median": 1.0,
      "match_score_ge_0_95": 0.5555555555555556,
      "match_score_ge_0_80": 0.6666666666666666,
      "verify_critical_mean": 0.4444444444444444,
      "verify_major_mean": 0,
      "verify_minor_mean": 0,
      "verify_valid_rate": 66.66666666666667,
      "verify_n": 9
    },
    {
      "model": "claude-sonnet-4-6",
      "n": 10,
      "compile_rate": 90.0,
      "compile_ok_count": 9,
      "chamfer_mean": 0.05512392411432956,
      "chamfer_median": 0.02611435272169184,
      "chamfer_raw_mean": 0.14345774046889812,
      "iou_mean": 0.757482261810175,
      "iou_median": 1.0,
      "match_score_mean": 0.7648750574953629,
      "match_score_median": 1.0,
      "match_score_ge_0_95": 0.5555555555555556,
      "match_score_ge_0_80": 0.5555555555555556,
      "verify_critical_mean": 0.1111111111111111,
      "verify_major_mean": 0,
      "verify_minor_mean": 0,
      "verify_valid_rate": 88.88888888888889,
      "verify_n": 9
    },
    {
      "model": "claude-haiku-4-5",
      "n": 10,
      "compile_rate": 30.0,
      "compile_ok_count": 3,
      "chamfer_mean": 0.05917908520582082,
      "chamfer_median": 0.06718335609297091,
      "chamfer_raw_mean": 0.10421235316424729,
      "iou_mean": 0.5806618754557784,
      "iou_median": 0.471078431372549,
      "match_score_mean": 0.5733637305565831,
      "match_score_median": 0.49514563106796117,
      "match_score_ge_0_95": 0.3333333333333333,
      "match_score_ge_0_80": 0.3333333333333333,
      "verify_critical_mean": 1,
      "verify_major_mean": 0,
      "verify_minor_mean": 0,
      "verify_valid_rate": 33.333333333333336,
      "verify_n": 3
    },
    {
      "model": "gpt-5.5",
      "n": 10,
      "compile_rate": 90.0,
      "compile_ok_count": 9,
      "chamfer_mean": 0.0879118010398851,
      "chamfer_median": 0.022892377370896253,
      "chamfer_raw_mean": 0.17189038804398232,
      "iou_mean": 0.6987225832779844,
      "iou_median": 0.9490030674846626,
      "match_score_mean": 0.701087028950406,
      "match_score_median": 0.9615384615384616,
      "match_score_ge_0_95": 0.5555555555555556,
      "match_score_ge_0_80": 0.6666666666666666,
      "verify_critical_mean": 0.2857142857142857,
      "verify_major_mean": 0,
      "verify_minor_mean": 0,
      "verify_valid_rate": 71.42857142857143,
      "verify_n": 7
    },
    {
      "model": "gpt-5",
      "n": 10,
      "compile_rate": 80.0,
      "compile_ok_count": 8,
      "chamfer_mean": 0.06708344704819331,
      "chamfer_median": 0.05245846095705416,
      "chamfer_raw_mean": 0.1294254258094317,
      "iou_mean": 0.6840516299159457,
      "iou_median": 0.8116594296757577,
      "match_score_mean": 0.6834230403541282,
      "match_score_median": 0.8093873283368851,
      "match_score_ge_0_95": 0.5,
      "match_score_ge_0_80": 0.5,
      "verify_critical_mean": 0.5,
      "verify_major_mean": 0,
      "verify_minor_mean": 0,
      "verify_valid_rate": 62.5,
      "verify_n": 8
    },
    {
      "model": "gpt-5-mini",
      "n": 10,
      "compile_rate": 80.0,
      "compile_ok_count": 8,
      "chamfer_mean": 0.08499119227544999,
      "chamfer_median": 0.042994077255944,
      "chamfer_raw_mean": 0.1631458688554243,
      "iou_mean": 0.5118103760667513,
      "iou_median": 0.46225331862517594,
      "match_score_mean": 0.5283896135196683,
      "match_score_median": 0.47117823959919236,
      "match_score_ge_0_95": 0.25,
      "match_score_ge_0_80": 0.375,
      "verify_critical_mean": 0.7142857142857143,
      "verify_major_mean": 0,
      "verify_minor_mean": 0,
      "verify_valid_rate": 42.857142857142854,
      "verify_n": 7
    }
  ]
}